"Bundle title","Net items sold","Gross sales","Discounts","Returns","Net sales","Taxes","Total sales"
"dupla leave-in + booster definição",562,48219.3,-7135.39,0,41083.91,0,41083.91
"kit para todo dia",510,45655.53,-6606.62,-669.36,38379.55,0,38379.55
"kit travel size",848,39198.42,-4368.32,-2521.44,32308.66,0,32308.66
"kit beach hair",273,29630.5,-6019.37,0,23611.13,0,23611.13
"kit tratamento intensivo",234,27609.05,-2912.29,-5313.35,19383.41,0,19383.41
"kit tratamento & definição",252,22875.9,-3722.02,0,19153.88,0,19153.88
"kit verão",212,17315.72,-3411.32,-606.26,13298.14,0,13298.14
"kit antiqueda",198,15323.45,-2903.81,0,12419.64,0,12419.64
"dupla liso sem frizz",120,13993.4,-2142.48,-1853,9997.92,0,9997.92
"dupla cachos sem frizz",100,10990.8,-1999.47,0,8991.33,0,8991.33
"trio de miniaturas | kit para todo dia travel size",246,10025.9,-1555.61,0,8470.29,0,8470.29
"dupla leave-in + booster hidratante",114,11316.5,-1305.34,-1713.6,8297.56,0,8297.56
"kit textura natural",139,9647.05,-1509.25,0,8137.8,0,8137.8
"kit antifrizz",66,7631.8,-1541.41,0,6090.39,0,6090.39
"kit boosters",117,7838.1,-1511.31,-311.95,6014.84,0,6014.84
"dupla leave-in + booster antifrizz",82,6647.5,-992.17,0,5655.33,0,5655.33
"kit força e hidratação",80,6801.9,-1177.1,0,5624.8,0,5624.8
"dupla travel size | shampoo + máscara",120,4644,-766.05,0,3877.95,0,3877.95
"kit tratamento nutrição e hidratação",49,3908.8,-519.96,0,3388.84,0,3388.84
"travel size - kit para todo dia + nécessaire",68,3162,-658.77,0,2503.23,0,2503.23
"dupla leave-in + booster fortificante",36,2874.4,-509.29,0,2365.11,0,2365.11
"kit prevenção de queda",32,2391.7,-333.83,0,2057.87,0,2057.87
"kit força e proteção",30,2390.78,-403.5,0,1987.28,0,1987.28
"travel size | kit para todo dia + nécessaire",48,1997.5,-296.83,0,1700.67,0,1700.67
"kit limpeza hidratante",16,1803,-149.59,-158.9,1494.51,0,1494.51
"kit finalização com brilho",23,1807.75,-361.55,0,1446.2,0,1446.2
"kit cuidados diários",23,1538.7,-207.34,0,1331.36,0,1331.36
"kit limpeza calmante",18,1423.3,-143.34,0,1279.96,0,1279.96
"dupla travel size | máscara + leave-in",26,1104.9,-160.07,0,944.83,0,944.83
"kit cabelo renovado",15,960.5,-174.97,0,785.53,0,785.53
"dupla protetor solar do cabelo",10,839.5,-100.72,0,738.78,0,738.78
"kit coloração duradoura",10,736.1,-73.61,0,662.49,0,662.49
"dupla travel size | shampoo + leave-in",16,643.8,-79.16,0,564.64,0,564.64
"kit rotina completa",10,622.9,-124.58,0,498.32,0,498.32
"kit mixer e espátula",60,582,-93.71,0,488.29,0,488.29
"kit reconstrução & leveza",3,394.9,0,0,394.9,0,394.9
"[brinde] trio de miniaturas",3,0.02,-0.02,0,0,0,0
